project,file,llm_grader,category,weighted_cohens_kappa,raw_value,note
Automatic-Bread-Maker,Automatic-Bread-Maker_Grading_1-stage_2026-02-28_3-examples_CombinedHumanGradingVsClaude4.5SonnetAutoGrading_Claude4.5SonnetGeneration.xlsx,Claude4.5Sonnet,Global,0.7674418604651163,0.7674418604651163,
Automatic-Bread-Maker,Automatic-Bread-Maker_Grading_1-stage_2026-02-28_3-examples_CombinedHumanGradingVsClaude4.5SonnetAutoGrading_Claude4.5SonnetGeneration.xlsx,Claude4.5Sonnet,State,0.5517241379310345,0.5517241379310345,
Automatic-Bread-Maker,Automatic-Bread-Maker_Grading_1-stage_2026-02-28_3-examples_CombinedHumanGradingVsClaude4.5SonnetAutoGrading_Claude4.5SonnetGeneration.xlsx,Claude4.5Sonnet,Transition,0.7747035573122529,0.7747035573122529,
Automatic-Bread-Maker,Automatic-Bread-Maker_Grading_1-stage_2026-02-28_3-examples_CombinedHumanGradingVsClaude4.5SonnetAutoGrading_Claude4.5SonnetGeneration.xlsx,Claude4.5Sonnet,Composite State,1.0,1,
Automatic-Bread-Maker,Automatic-Bread-Maker_Grading_1-stage_2026-02-28_3-examples_CombinedHumanGradingVsClaude4.5SonnetAutoGrading_Claude4.5SonnetGeneration.xlsx,Claude4.5Sonnet,Guard,0.5454545454545454,0.5454545454545454,
Automatic-Bread-Maker,Automatic-Bread-Maker_Grading_1-stage_2026-02-28_3-examples_CombinedHumanGradingVsClaude4.5SonnetAutoGrading_Claude4.5SonnetGeneration.xlsx,Claude4.5Sonnet,Action,0.8135593220338982,0.8135593220338982,
Automatic-Bread-Maker,Automatic-Bread-Maker_Grading_1-stage_2026-02-28_3-examples_CombinedHumanGradingVsClaude4.5SonnetAutoGrading_Claude4.5SonnetGeneration.xlsx,Claude4.5Sonnet,History State,,#DIV/0!,undefined (division by zero)
Automatic-Bread-Maker,Automatic-Bread-Maker_Grading_1-stage_2026-02-28_3-examples_CombinedHumanGradingVsClaude4.5SonnetAutoGrading_Claude4.5SonnetGeneration.xlsx,Claude4.5Sonnet,Region,,#DIV/0!,undefined (division by zero)
Automatic-Bread-Maker,Automatic-Bread-Maker_Grading_2-stage_2026-03-03_3-examples_CombinedHumanGradingVsClaude4.5SonnetAutoGrading_Claude4.5SonnetGeneration.xlsx,Claude4.5Sonnet,Global,0.8833097595473833,0.8833097595473833,
Automatic-Bread-Maker,Automatic-Bread-Maker_Grading_2-stage_2026-03-03_3-examples_CombinedHumanGradingVsClaude4.5SonnetAutoGrading_Claude4.5SonnetGeneration.xlsx,Claude4.5Sonnet,State,1.0,1,
Automatic-Bread-Maker,Automatic-Bread-Maker_Grading_2-stage_2026-03-03_3-examples_CombinedHumanGradingVsClaude4.5SonnetAutoGrading_Claude4.5SonnetGeneration.xlsx,Claude4.5Sonnet,Transition,0.8143322475570032,0.8143322475570032,
Automatic-Bread-Maker,Automatic-Bread-Maker_Grading_2-stage_2026-03-03_3-examples_CombinedHumanGradingVsClaude4.5SonnetAutoGrading_Claude4.5SonnetGeneration.xlsx,Claude4.5Sonnet,Composite State,0.7142857142857143,0.7142857142857143,
Automatic-Bread-Maker,Automatic-Bread-Maker_Grading_2-stage_2026-03-03_3-examples_CombinedHumanGradingVsClaude4.5SonnetAutoGrading_Claude4.5SonnetGeneration.xlsx,Claude4.5Sonnet,Guard,1.0,1,
Automatic-Bread-Maker,Automatic-Bread-Maker_Grading_2-stage_2026-03-03_3-examples_CombinedHumanGradingVsClaude4.5SonnetAutoGrading_Claude4.5SonnetGeneration.xlsx,Claude4.5Sonnet,Action,0.8135593220338982,0.8135593220338982,
Automatic-Bread-Maker,Automatic-Bread-Maker_Grading_2-stage_2026-03-03_3-examples_CombinedHumanGradingVsClaude4.5SonnetAutoGrading_Claude4.5SonnetGeneration.xlsx,Claude4.5Sonnet,History State,,#DIV/0!,undefined (division by zero)
Automatic-Bread-Maker,Automatic-Bread-Maker_Grading_2-stage_2026-03-03_3-examples_CombinedHumanGradingVsClaude4.5SonnetAutoGrading_Claude4.5SonnetGeneration.xlsx,Claude4.5Sonnet,Region,,#DIV/0!,undefined (division by zero)
Automatic-Bread-Maker,Automatic-Bread-Maker_Grading_2-stage_2026-03-12_6-examples_CombinedHumanGradingVsClaude4.5SonnetAutoGrading_Claude4.5SonnetGeneration.xlsx,Claude4.5Sonnet,Global,0.6806039488966318,0.6806039488966318,
Automatic-Bread-Maker,Automatic-Bread-Maker_Grading_2-stage_2026-03-12_6-examples_CombinedHumanGradingVsClaude4.5SonnetAutoGrading_Claude4.5SonnetGeneration.xlsx,Claude4.5Sonnet,State,0.6486486486486487,0.6486486486486487,
Automatic-Bread-Maker,Automatic-Bread-Maker_Grading_2-stage_2026-03-12_6-examples_CombinedHumanGradingVsClaude4.5SonnetAutoGrading_Claude4.5SonnetGeneration.xlsx,Claude4.5Sonnet,Transition,0.6885245901639344,0.6885245901639344,
Automatic-Bread-Maker,Automatic-Bread-Maker_Grading_2-stage_2026-03-12_6-examples_CombinedHumanGradingVsClaude4.5SonnetAutoGrading_Claude4.5SonnetGeneration.xlsx,Claude4.5Sonnet,Composite State,1.0,1,
Automatic-Bread-Maker,Automatic-Bread-Maker_Grading_2-stage_2026-03-12_6-examples_CombinedHumanGradingVsClaude4.5SonnetAutoGrading_Claude4.5SonnetGeneration.xlsx,Claude4.5Sonnet,Guard,0.5454545454545454,0.5454545454545454,
Automatic-Bread-Maker,Automatic-Bread-Maker_Grading_2-stage_2026-03-12_6-examples_CombinedHumanGradingVsClaude4.5SonnetAutoGrading_Claude4.5SonnetGeneration.xlsx,Claude4.5Sonnet,Action,0.56,0.56,
Automatic-Bread-Maker,Automatic-Bread-Maker_Grading_2-stage_2026-03-12_6-examples_CombinedHumanGradingVsClaude4.5SonnetAutoGrading_Claude4.5SonnetGeneration.xlsx,Claude4.5Sonnet,History State,0.0,0,
Automatic-Bread-Maker,Automatic-Bread-Maker_Grading_2-stage_2026-03-12_6-examples_CombinedHumanGradingVsClaude4.5SonnetAutoGrading_Claude4.5SonnetGeneration.xlsx,Claude4.5Sonnet,Region,,#DIV/0!,undefined (division by zero)
Automatic-Bread-Maker,Automatic-Bread-Maker_Grading_2-stage_2026-03-12_6-examples_CombinedHumanGradingVsGPT-5.5AutoGrading_Claude4.5SonnetGeneration.xlsx,GPT-5.5,Global,0.8693586698337292,0.8693586698337292,
Automatic-Bread-Maker,Automatic-Bread-Maker_Grading_2-stage_2026-03-12_6-examples_CombinedHumanGradingVsGPT-5.5AutoGrading_Claude4.5SonnetGeneration.xlsx,GPT-5.5,State,0.8869565217391304,0.8869565217391304,
Automatic-Bread-Maker,Automatic-Bread-Maker_Grading_2-stage_2026-03-12_6-examples_CombinedHumanGradingVsGPT-5.5AutoGrading_Claude4.5SonnetGeneration.xlsx,GPT-5.5,Transition,0.7934782608695652,0.7934782608695652,
Automatic-Bread-Maker,Automatic-Bread-Maker_Grading_2-stage_2026-03-12_6-examples_CombinedHumanGradingVsGPT-5.5AutoGrading_Claude4.5SonnetGeneration.xlsx,GPT-5.5,Composite State,1.0,1,
Automatic-Bread-Maker,Automatic-Bread-Maker_Grading_2-stage_2026-03-12_6-examples_CombinedHumanGradingVsGPT-5.5AutoGrading_Claude4.5SonnetGeneration.xlsx,GPT-5.5,Guard,1.0,1,
Automatic-Bread-Maker,Automatic-Bread-Maker_Grading_2-stage_2026-03-12_6-examples_CombinedHumanGradingVsGPT-5.5AutoGrading_Claude4.5SonnetGeneration.xlsx,GPT-5.5,Action,0.8493150684931506,0.8493150684931506,
Automatic-Bread-Maker,Automatic-Bread-Maker_Grading_2-stage_2026-03-12_6-examples_CombinedHumanGradingVsGPT-5.5AutoGrading_Claude4.5SonnetGeneration.xlsx,GPT-5.5,History State,0.5,0.5,
Automatic-Bread-Maker,Automatic-Bread-Maker_Grading_2-stage_2026-03-12_6-examples_CombinedHumanGradingVsGPT-5.5AutoGrading_Claude4.5SonnetGeneration.xlsx,GPT-5.5,Region,,#DIV/0!,undefined (division by zero)
Automatic-Bread-Maker,Automatic-Bread-Maker_Grading_2-stage_2026-03-12_6-examples_CombinedHumanGradingVsGemini3.1ProPreviewAutoGrading_Claude4.5SonnetGeneration.xlsx,Gemini3.1ProPreview,Global,0.7732893652102225,0.7732893652102225,
Automatic-Bread-Maker,Automatic-Bread-Maker_Grading_2-stage_2026-03-12_6-examples_CombinedHumanGradingVsGemini3.1ProPreviewAutoGrading_Claude4.5SonnetGeneration.xlsx,Gemini3.1ProPreview,State,0.6486486486486487,0.6486486486486487,
Automatic-Bread-Maker,Automatic-Bread-Maker_Grading_2-stage_2026-03-12_6-examples_CombinedHumanGradingVsGemini3.1ProPreviewAutoGrading_Claude4.5SonnetGeneration.xlsx,Gemini3.1ProPreview,Transition,0.9015544041450777,0.9015544041450777,
Automatic-Bread-Maker,Automatic-Bread-Maker_Grading_2-stage_2026-03-12_6-examples_CombinedHumanGradingVsGemini3.1ProPreviewAutoGrading_Claude4.5SonnetGeneration.xlsx,Gemini3.1ProPreview,Composite State,1.0,1,
Automatic-Bread-Maker,Automatic-Bread-Maker_Grading_2-stage_2026-03-12_6-examples_CombinedHumanGradingVsGemini3.1ProPreviewAutoGrading_Claude4.5SonnetGeneration.xlsx,Gemini3.1ProPreview,Guard,1.0,1,
Automatic-Bread-Maker,Automatic-Bread-Maker_Grading_2-stage_2026-03-12_6-examples_CombinedHumanGradingVsGemini3.1ProPreviewAutoGrading_Claude4.5SonnetGeneration.xlsx,Gemini3.1ProPreview,Action,0.56,0.56,
Automatic-Bread-Maker,Automatic-Bread-Maker_Grading_2-stage_2026-03-12_6-examples_CombinedHumanGradingVsGemini3.1ProPreviewAutoGrading_Claude4.5SonnetGeneration.xlsx,Gemini3.1ProPreview,History State,0.0,0,
Automatic-Bread-Maker,Automatic-Bread-Maker_Grading_2-stage_2026-03-12_6-examples_CombinedHumanGradingVsGemini3.1ProPreviewAutoGrading_Claude4.5SonnetGeneration.xlsx,Gemini3.1ProPreview,Region,,#DIV/0!,undefined (division by zero)
Digital-Chess-Clock,Digital-Chess-Clock_Grading_1-stage_2026-02-28_3-examples_CombinedHumanGradingVsClaude4.5SonnetAutoGrading_Claude4.5SonnetGeneration.xlsx,Claude4.5Sonnet,Global,0.6107784431137724,0.6107784431137724,
Digital-Chess-Clock,Digital-Chess-Clock_Grading_1-stage_2026-02-28_3-examples_CombinedHumanGradingVsClaude4.5SonnetAutoGrading_Claude4.5SonnetGeneration.xlsx,Claude4.5Sonnet,State,0.5962732919254659,0.5962732919254659,
Digital-Chess-Clock,Digital-Chess-Clock_Grading_1-stage_2026-02-28_3-examples_CombinedHumanGradingVsClaude4.5SonnetAutoGrading_Claude4.5SonnetGeneration.xlsx,Claude4.5Sonnet,Transition,0.7169811320754718,0.7169811320754718,
Digital-Chess-Clock,Digital-Chess-Clock_Grading_1-stage_2026-02-28_3-examples_CombinedHumanGradingVsClaude4.5SonnetAutoGrading_Claude4.5SonnetGeneration.xlsx,Claude4.5Sonnet,Composite State,1.0,1,
Digital-Chess-Clock,Digital-Chess-Clock_Grading_1-stage_2026-02-28_3-examples_CombinedHumanGradingVsClaude4.5SonnetAutoGrading_Claude4.5SonnetGeneration.xlsx,Claude4.5Sonnet,Guard,,#DIV/0!,undefined (division by zero)
Digital-Chess-Clock,Digital-Chess-Clock_Grading_1-stage_2026-02-28_3-examples_CombinedHumanGradingVsClaude4.5SonnetAutoGrading_Claude4.5SonnetGeneration.xlsx,Claude4.5Sonnet,Action,-0.22222222222222232,-0.22222222222222232,
Digital-Chess-Clock,Digital-Chess-Clock_Grading_1-stage_2026-02-28_3-examples_CombinedHumanGradingVsClaude4.5SonnetAutoGrading_Claude4.5SonnetGeneration.xlsx,Claude4.5Sonnet,History State,1.0,1,
Digital-Chess-Clock,Digital-Chess-Clock_Grading_1-stage_2026-02-28_3-examples_CombinedHumanGradingVsClaude4.5SonnetAutoGrading_Claude4.5SonnetGeneration.xlsx,Claude4.5Sonnet,Region,,#DIV/0!,undefined (division by zero)
Digital-Chess-Clock,Digital-Chess-Clock_Grading_2-stage_2026-03-04_3-examples_CombinedHumanGradingVsClaude4.5SonnetAutoGrading_Claude4.5SonnetGeneration.xlsx,Claude4.5Sonnet,Global,0.3163035311795642,0.3163035311795642,
Digital-Chess-Clock,Digital-Chess-Clock_Grading_2-stage_2026-03-04_3-examples_CombinedHumanGradingVsClaude4.5SonnetAutoGrading_Claude4.5SonnetGeneration.xlsx,Claude4.5Sonnet,State,0.35526315789473684,0.35526315789473684,
Digital-Chess-Clock,Digital-Chess-Clock_Grading_2-stage_2026-03-04_3-examples_CombinedHumanGradingVsClaude4.5SonnetAutoGrading_Claude4.5SonnetGeneration.xlsx,Claude4.5Sonnet,Transition,0.45783132530120485,0.45783132530120485,
Digital-Chess-Clock,Digital-Chess-Clock_Grading_2-stage_2026-03-04_3-examples_CombinedHumanGradingVsClaude4.5SonnetAutoGrading_Claude4.5SonnetGeneration.xlsx,Claude4.5Sonnet,Composite State,0.7142857142857143,0.7142857142857143,
Digital-Chess-Clock,Digital-Chess-Clock_Grading_2-stage_2026-03-04_3-examples_CombinedHumanGradingVsClaude4.5SonnetAutoGrading_Claude4.5SonnetGeneration.xlsx,Claude4.5Sonnet,Guard,0.2857142857142857,0.2857142857142857,
Digital-Chess-Clock,Digital-Chess-Clock_Grading_2-stage_2026-03-04_3-examples_CombinedHumanGradingVsClaude4.5SonnetAutoGrading_Claude4.5SonnetGeneration.xlsx,Claude4.5Sonnet,Action,0.03076923076923077,0.03076923076923077,
Digital-Chess-Clock,Digital-Chess-Clock_Grading_2-stage_2026-03-04_3-examples_CombinedHumanGradingVsClaude4.5SonnetAutoGrading_Claude4.5SonnetGeneration.xlsx,Claude4.5Sonnet,History State,1.0,1,
Digital-Chess-Clock,Digital-Chess-Clock_Grading_2-stage_2026-03-04_3-examples_CombinedHumanGradingVsClaude4.5SonnetAutoGrading_Claude4.5SonnetGeneration.xlsx,Claude4.5Sonnet,Region,0.0,0,
Digital-Chess-Clock,Digital-Chess-Clock_Grading_2-stage_2026-03-12_6-examples_CombinedHumanGradingVsClaude4.5SonnetAutoGrading_Claude4.5SonnetGeneration.xlsx,Claude4.5Sonnet,Global,0.26985413290113447,0.26985413290113447,
Digital-Chess-Clock,Digital-Chess-Clock_Grading_2-stage_2026-03-12_6-examples_CombinedHumanGradingVsClaude4.5SonnetAutoGrading_Claude4.5SonnetGeneration.xlsx,Claude4.5Sonnet,State,-0.13422818791946312,-0.13422818791946312,
Digital-Chess-Clock,Digital-Chess-Clock_Grading_2-stage_2026-03-12_6-examples_CombinedHumanGradingVsClaude4.5SonnetAutoGrading_Claude4.5SonnetGeneration.xlsx,Claude4.5Sonnet,Transition,0.16666666666666674,0.16666666666666674,
Digital-Chess-Clock,Digital-Chess-Clock_Grading_2-stage_2026-03-12_6-examples_CombinedHumanGradingVsClaude4.5SonnetAutoGrading_Claude4.5SonnetGeneration.xlsx,Claude4.5Sonnet,Composite State,0.7142857142857143,0.7142857142857143,
Digital-Chess-Clock,Digital-Chess-Clock_Grading_2-stage_2026-03-12_6-examples_CombinedHumanGradingVsClaude4.5SonnetAutoGrading_Claude4.5SonnetGeneration.xlsx,Claude4.5Sonnet,Guard,0.2857142857142857,0.2857142857142857,
Digital-Chess-Clock,Digital-Chess-Clock_Grading_2-stage_2026-03-12_6-examples_CombinedHumanGradingVsClaude4.5SonnetAutoGrading_Claude4.5SonnetGeneration.xlsx,Claude4.5Sonnet,Action,0.0,0,
Digital-Chess-Clock,Digital-Chess-Clock_Grading_2-stage_2026-03-12_6-examples_CombinedHumanGradingVsClaude4.5SonnetAutoGrading_Claude4.5SonnetGeneration.xlsx,Claude4.5Sonnet,History State,1.0,1,
Digital-Chess-Clock,Digital-Chess-Clock_Grading_2-stage_2026-03-12_6-examples_CombinedHumanGradingVsClaude4.5SonnetAutoGrading_Claude4.5SonnetGeneration.xlsx,Claude4.5Sonnet,Region,0.0,0,
Digital-Chess-Clock,Digital-Chess-Clock_Grading_2-stage_2026-03-12_6-examples_CombinedHumanGradingVsGPT-5.5AutoGrading_Claude4.5SonnetGeneration.xlsx,GPT-5.5,Global,0.2873345935727789,0.2873345935727789,
Digital-Chess-Clock,Digital-Chess-Clock_Grading_2-stage_2026-03-12_6-examples_CombinedHumanGradingVsGPT-5.5AutoGrading_Claude4.5SonnetGeneration.xlsx,GPT-5.5,State,0.11267605633802802,0.11267605633802802,
Digital-Chess-Clock,Digital-Chess-Clock_Grading_2-stage_2026-03-12_6-examples_CombinedHumanGradingVsGPT-5.5AutoGrading_Claude4.5SonnetGeneration.xlsx,GPT-5.5,Transition,-0.29629629629629606,-0.29629629629629606,
Digital-Chess-Clock,Digital-Chess-Clock_Grading_2-stage_2026-03-12_6-examples_CombinedHumanGradingVsGPT-5.5AutoGrading_Claude4.5SonnetGeneration.xlsx,GPT-5.5,Composite State,1.0,1,
Digital-Chess-Clock,Digital-Chess-Clock_Grading_2-stage_2026-03-12_6-examples_CombinedHumanGradingVsGPT-5.5AutoGrading_Claude4.5SonnetGeneration.xlsx,GPT-5.5,Guard,0.2857142857142857,0.2857142857142857,
Digital-Chess-Clock,Digital-Chess-Clock_Grading_2-stage_2026-03-12_6-examples_CombinedHumanGradingVsGPT-5.5AutoGrading_Claude4.5SonnetGeneration.xlsx,GPT-5.5,Action,1.0,1,
Digital-Chess-Clock,Digital-Chess-Clock_Grading_2-stage_2026-03-12_6-examples_CombinedHumanGradingVsGPT-5.5AutoGrading_Claude4.5SonnetGeneration.xlsx,GPT-5.5,History State,0.5,0.5,
Digital-Chess-Clock,Digital-Chess-Clock_Grading_2-stage_2026-03-12_6-examples_CombinedHumanGradingVsGPT-5.5AutoGrading_Claude4.5SonnetGeneration.xlsx,GPT-5.5,Region,0.6666666666666667,0.6666666666666667,
Digital-Chess-Clock,Digital-Chess-Clock_Grading_2-stage_2026-03-12_6-examples_CombinedHumanGradingVsGemini3.1ProPreviewAutoGrading_Claude4.5SonnetGeneration.xlsx,Gemini3.1ProPreview,Global,0.4353163361661945,0.4353163361661945,
Digital-Chess-Clock,Digital-Chess-Clock_Grading_2-stage_2026-03-12_6-examples_CombinedHumanGradingVsGemini3.1ProPreviewAutoGrading_Claude4.5SonnetGeneration.xlsx,Gemini3.1ProPreview,State,0.11267605633802802,0.11267605633802802,
Digital-Chess-Clock,Digital-Chess-Clock_Grading_2-stage_2026-03-12_6-examples_CombinedHumanGradingVsGemini3.1ProPreviewAutoGrading_Claude4.5SonnetGeneration.xlsx,Gemini3.1ProPreview,Transition,0.07407407407407418,0.07407407407407418,
Digital-Chess-Clock,Digital-Chess-Clock_Grading_2-stage_2026-03-12_6-examples_CombinedHumanGradingVsGemini3.1ProPreviewAutoGrading_Claude4.5SonnetGeneration.xlsx,Gemini3.1ProPreview,Composite State,1.0,1,
Digital-Chess-Clock,Digital-Chess-Clock_Grading_2-stage_2026-03-12_6-examples_CombinedHumanGradingVsGemini3.1ProPreviewAutoGrading_Claude4.5SonnetGeneration.xlsx,Gemini3.1ProPreview,Guard,0.5454545454545454,0.5454545454545454,
Digital-Chess-Clock,Digital-Chess-Clock_Grading_2-stage_2026-03-12_6-examples_CombinedHumanGradingVsGemini3.1ProPreviewAutoGrading_Claude4.5SonnetGeneration.xlsx,Gemini3.1ProPreview,Action,1.0,1,
Digital-Chess-Clock,Digital-Chess-Clock_Grading_2-stage_2026-03-12_6-examples_CombinedHumanGradingVsGemini3.1ProPreviewAutoGrading_Claude4.5SonnetGeneration.xlsx,Gemini3.1ProPreview,History State,1.0,1,
Digital-Chess-Clock,Digital-Chess-Clock_Grading_2-stage_2026-03-12_6-examples_CombinedHumanGradingVsGemini3.1ProPreviewAutoGrading_Claude4.5SonnetGeneration.xlsx,Gemini3.1ProPreview,Region,0.0,0,
Dishwasher,Dishwasher_Grading_1-stage_2026-02-28_3-examples_CombinedHumanGradingVsClaude4.5SonnetAutoGrading_Claude4.5SonnetGeneration.xlsx,Claude4.5Sonnet,Global,0.4728033472803347,0.4728033472803347,
Dishwasher,Dishwasher_Grading_1-stage_2026-02-28_3-examples_CombinedHumanGradingVsClaude4.5SonnetAutoGrading_Claude4.5SonnetGeneration.xlsx,Claude4.5Sonnet,State,0.25,0.25,
Dishwasher,Dishwasher_Grading_1-stage_2026-02-28_3-examples_CombinedHumanGradingVsClaude4.5SonnetAutoGrading_Claude4.5SonnetGeneration.xlsx,Claude4.5Sonnet,Transition,0.5767195767195767,0.5767195767195767,
Dishwasher,Dishwasher_Grading_1-stage_2026-02-28_3-examples_CombinedHumanGradingVsClaude4.5SonnetAutoGrading_Claude4.5SonnetGeneration.xlsx,Claude4.5Sonnet,Composite State,0.4,0.4,
Dishwasher,Dishwasher_Grading_1-stage_2026-02-28_3-examples_CombinedHumanGradingVsClaude4.5SonnetAutoGrading_Claude4.5SonnetGeneration.xlsx,Claude4.5Sonnet,Guard,0.5454545454545454,0.5454545454545454,
Dishwasher,Dishwasher_Grading_1-stage_2026-02-28_3-examples_CombinedHumanGradingVsClaude4.5SonnetAutoGrading_Claude4.5SonnetGeneration.xlsx,Claude4.5Sonnet,Action,0.375,0.375,
Dishwasher,Dishwasher_Grading_1-stage_2026-02-28_3-examples_CombinedHumanGradingVsClaude4.5SonnetAutoGrading_Claude4.5SonnetGeneration.xlsx,Claude4.5Sonnet,History State,0.0,0,
Dishwasher,Dishwasher_Grading_1-stage_2026-02-28_3-examples_CombinedHumanGradingVsClaude4.5SonnetAutoGrading_Claude4.5SonnetGeneration.xlsx,Claude4.5Sonnet,Region,0.0,0,
Dishwasher,Dishwasher_Grading_2-stage_2026-03-04_3-examples_CombinedHumanGradingVsClaude4.5SonnetAutoGrading_Claude4.5SonnetGeneration.xlsx,Claude4.5Sonnet,Global,0.3529411765,0.3529411765,
Dishwasher,Dishwasher_Grading_2-stage_2026-03-04_3-examples_CombinedHumanGradingVsClaude4.5SonnetAutoGrading_Claude4.5SonnetGeneration.xlsx,Claude4.5Sonnet,State,0.2352941176,0.2352941176,
Dishwasher,Dishwasher_Grading_2-stage_2026-03-04_3-examples_CombinedHumanGradingVsClaude4.5SonnetAutoGrading_Claude4.5SonnetGeneration.xlsx,Claude4.5Sonnet,Transition,0.2682926829,0.2682926829,
Dishwasher,Dishwasher_Grading_2-stage_2026-03-04_3-examples_CombinedHumanGradingVsClaude4.5SonnetAutoGrading_Claude4.5SonnetGeneration.xlsx,Claude4.5Sonnet,Composite State,0.0,0,
Dishwasher,Dishwasher_Grading_2-stage_2026-03-04_3-examples_CombinedHumanGradingVsClaude4.5SonnetAutoGrading_Claude4.5SonnetGeneration.xlsx,Claude4.5Sonnet,Guard,0.4444444444,0.4444444444,
Dishwasher,Dishwasher_Grading_2-stage_2026-03-04_3-examples_CombinedHumanGradingVsClaude4.5SonnetAutoGrading_Claude4.5SonnetGeneration.xlsx,Claude4.5Sonnet,Action,0.6666666667,0.6666666667,
Dishwasher,Dishwasher_Grading_2-stage_2026-03-04_3-examples_CombinedHumanGradingVsClaude4.5SonnetAutoGrading_Claude4.5SonnetGeneration.xlsx,Claude4.5Sonnet,History State,1.0,1,
Dishwasher,Dishwasher_Grading_2-stage_2026-03-04_3-examples_CombinedHumanGradingVsClaude4.5SonnetAutoGrading_Claude4.5SonnetGeneration.xlsx,Claude4.5Sonnet,Region,0.0,0,
Dishwasher,Dishwasher_Grading_2-stage_2026-03-12_6-examples_CombinedHumanGradingVsClaude4.5SonnetAutoGrading_Claude4.5SonnetGeneration.xlsx,Claude4.5Sonnet,Global,0.7024793388,0.7024793388,
Dishwasher,Dishwasher_Grading_2-stage_2026-03-12_6-examples_CombinedHumanGradingVsClaude4.5SonnetAutoGrading_Claude4.5SonnetGeneration.xlsx,Claude4.5Sonnet,State,0.8311688312,0.8311688312,
Dishwasher,Dishwasher_Grading_2-stage_2026-03-12_6-examples_CombinedHumanGradingVsClaude4.5SonnetAutoGrading_Claude4.5SonnetGeneration.xlsx,Claude4.5Sonnet,Transition,0.7872340426,0.7872340426,
Dishwasher,Dishwasher_Grading_2-stage_2026-03-12_6-examples_CombinedHumanGradingVsClaude4.5SonnetAutoGrading_Claude4.5SonnetGeneration.xlsx,Claude4.5Sonnet,Composite State,0.4,0.4,
Dishwasher,Dishwasher_Grading_2-stage_2026-03-12_6-examples_CombinedHumanGradingVsClaude4.5SonnetAutoGrading_Claude4.5SonnetGeneration.xlsx,Claude4.5Sonnet,Guard,0.6153846154,0.6153846154,
Dishwasher,Dishwasher_Grading_2-stage_2026-03-12_6-examples_CombinedHumanGradingVsClaude4.5SonnetAutoGrading_Claude4.5SonnetGeneration.xlsx,Claude4.5Sonnet,Action,0.4482758621,0.4482758621,
Dishwasher,Dishwasher_Grading_2-stage_2026-03-12_6-examples_CombinedHumanGradingVsClaude4.5SonnetAutoGrading_Claude4.5SonnetGeneration.xlsx,Claude4.5Sonnet,History State,,#DIV/0!,undefined (division by zero)
Dishwasher,Dishwasher_Grading_2-stage_2026-03-12_6-examples_CombinedHumanGradingVsClaude4.5SonnetAutoGrading_Claude4.5SonnetGeneration.xlsx,Claude4.5Sonnet,Region,0.0,0,
Dishwasher,Dishwasher_Grading_2-stage_2026-03-12_6-examples_CombinedHumanGradingVsGPT-5.5AutoGrading_Claude4.5SonnetGeneration.xlsx,GPT-5.5,Global,0.7384500745,0.7384500745,
Dishwasher,Dishwasher_Grading_2-stage_2026-03-12_6-examples_CombinedHumanGradingVsGPT-5.5AutoGrading_Claude4.5SonnetGeneration.xlsx,GPT-5.5,State,0.8194444444,0.8194444444,
Dishwasher,Dishwasher_Grading_2-stage_2026-03-12_6-examples_CombinedHumanGradingVsGPT-5.5AutoGrading_Claude4.5SonnetGeneration.xlsx,GPT-5.5,Transition,0.6913580247,0.6913580247,
Dishwasher,Dishwasher_Grading_2-stage_2026-03-12_6-examples_CombinedHumanGradingVsGPT-5.5AutoGrading_Claude4.5SonnetGeneration.xlsx,GPT-5.5,Composite State,0.6666666667,0.6666666667,
Dishwasher,Dishwasher_Grading_2-stage_2026-03-12_6-examples_CombinedHumanGradingVsGPT-5.5AutoGrading_Claude4.5SonnetGeneration.xlsx,GPT-5.5,Guard,0.6153846154,0.6153846154,
Dishwasher,Dishwasher_Grading_2-stage_2026-03-12_6-examples_CombinedHumanGradingVsGPT-5.5AutoGrading_Claude4.5SonnetGeneration.xlsx,GPT-5.5,Action,0.7037037037,0.7037037037,
Dishwasher,Dishwasher_Grading_2-stage_2026-03-12_6-examples_CombinedHumanGradingVsGPT-5.5AutoGrading_Claude4.5SonnetGeneration.xlsx,GPT-5.5,History State,,#DIV/0!,undefined (division by zero)
Dishwasher,Dishwasher_Grading_2-stage_2026-03-12_6-examples_CombinedHumanGradingVsGPT-5.5AutoGrading_Claude4.5SonnetGeneration.xlsx,GPT-5.5,Region,0.6666666667,0.6666666667,
Dishwasher,Dishwasher_Grading_2-stage_2026-03-12_6-examples_CombinedHumanGradingVsGemini3.1ProPreviewAutoGrading_Claude4.5SonnetGeneration.xlsx,Gemini3.1ProPreview,Global,0.7524682652,0.7524682652,
Dishwasher,Dishwasher_Grading_2-stage_2026-03-12_6-examples_CombinedHumanGradingVsGemini3.1ProPreviewAutoGrading_Claude4.5SonnetGeneration.xlsx,Gemini3.1ProPreview,State,0.9127516779,0.9127516779,
Dishwasher,Dishwasher_Grading_2-stage_2026-03-12_6-examples_CombinedHumanGradingVsGemini3.1ProPreviewAutoGrading_Claude4.5SonnetGeneration.xlsx,Gemini3.1ProPreview,Transition,0.7790055249,0.7790055249,
Dishwasher,Dishwasher_Grading_2-stage_2026-03-12_6-examples_CombinedHumanGradingVsGemini3.1ProPreviewAutoGrading_Claude4.5SonnetGeneration.xlsx,Gemini3.1ProPreview,Composite State,0.4,0.4,
Dishwasher,Dishwasher_Grading_2-stage_2026-03-12_6-examples_CombinedHumanGradingVsGemini3.1ProPreviewAutoGrading_Claude4.5SonnetGeneration.xlsx,Gemini3.1ProPreview,Guard,0.6153846154,0.6153846154,
Dishwasher,Dishwasher_Grading_2-stage_2026-03-12_6-examples_CombinedHumanGradingVsGemini3.1ProPreviewAutoGrading_Claude4.5SonnetGeneration.xlsx,Gemini3.1ProPreview,Action,0.7037037037,0.7037037037,
Dishwasher,Dishwasher_Grading_2-stage_2026-03-12_6-examples_CombinedHumanGradingVsGemini3.1ProPreviewAutoGrading_Claude4.5SonnetGeneration.xlsx,Gemini3.1ProPreview,History State,,#DIV/0!,undefined (division by zero)
Dishwasher,Dishwasher_Grading_2-stage_2026-03-12_6-examples_CombinedHumanGradingVsGemini3.1ProPreviewAutoGrading_Claude4.5SonnetGeneration.xlsx,Gemini3.1ProPreview,Region,0.0,0,
Printer,Printer_Grading_1-stage_2026-02-28_3-examples_CombinedHumanGradingVsClaude4.5SonnetAutoGrading_Claude4.5SonnetGeneration.xlsx,Claude4.5Sonnet,Global,0.5581395348837208,0.5581395348837208,
Printer,Printer_Grading_1-stage_2026-02-28_3-examples_CombinedHumanGradingVsClaude4.5SonnetAutoGrading_Claude4.5SonnetGeneration.xlsx,Claude4.5Sonnet,State,-0.21739130434782616,-0.21739130434782616,
Printer,Printer_Grading_1-stage_2026-02-28_3-examples_CombinedHumanGradingVsClaude4.5SonnetAutoGrading_Claude4.5SonnetGeneration.xlsx,Claude4.5Sonnet,Transition,0.45999999999999996,0.45999999999999996,
Printer,Printer_Grading_1-stage_2026-02-28_3-examples_CombinedHumanGradingVsClaude4.5SonnetAutoGrading_Claude4.5SonnetGeneration.xlsx,Claude4.5Sonnet,Composite State,1.0,1,
Printer,Printer_Grading_1-stage_2026-02-28_3-examples_CombinedHumanGradingVsClaude4.5SonnetAutoGrading_Claude4.5SonnetGeneration.xlsx,Claude4.5Sonnet,Guard,0.4878048780487806,0.4878048780487806,
Printer,Printer_Grading_1-stage_2026-02-28_3-examples_CombinedHumanGradingVsClaude4.5SonnetAutoGrading_Claude4.5SonnetGeneration.xlsx,Claude4.5Sonnet,Action,,#DIV/0!,undefined (division by zero)
Printer,Printer_Grading_1-stage_2026-02-28_3-examples_CombinedHumanGradingVsClaude4.5SonnetAutoGrading_Claude4.5SonnetGeneration.xlsx,Claude4.5Sonnet,History State,1.0,1,
Printer,Printer_Grading_1-stage_2026-02-28_3-examples_CombinedHumanGradingVsClaude4.5SonnetAutoGrading_Claude4.5SonnetGeneration.xlsx,Claude4.5Sonnet,Region,,#DIV/0!,undefined (division by zero)
Printer,Printer_Grading_2-stage_2026-03-04_3-examples_CombinedHumanGradingVsClaude4.5SonnetAutoGrading_Claude4.5SonnetGeneration.xlsx,Claude4.5Sonnet,Global,0.2621951219512195,0.2621951219512195,
Printer,Printer_Grading_2-stage_2026-03-04_3-examples_CombinedHumanGradingVsClaude4.5SonnetAutoGrading_Claude4.5SonnetGeneration.xlsx,Claude4.5Sonnet,State,0.0,0,
Printer,Printer_Grading_2-stage_2026-03-04_3-examples_CombinedHumanGradingVsClaude4.5SonnetAutoGrading_Claude4.5SonnetGeneration.xlsx,Claude4.5Sonnet,Transition,0.12337662337662336,0.12337662337662336,
Printer,Printer_Grading_2-stage_2026-03-04_3-examples_CombinedHumanGradingVsClaude4.5SonnetAutoGrading_Claude4.5SonnetGeneration.xlsx,Claude4.5Sonnet,Composite State,0.0,0,
Printer,Printer_Grading_2-stage_2026-03-04_3-examples_CombinedHumanGradingVsClaude4.5SonnetAutoGrading_Claude4.5SonnetGeneration.xlsx,Claude4.5Sonnet,Guard,0.36363636363636365,0.36363636363636365,
Printer,Printer_Grading_2-stage_2026-03-04_3-examples_CombinedHumanGradingVsClaude4.5SonnetAutoGrading_Claude4.5SonnetGeneration.xlsx,Claude4.5Sonnet,Action,0.0,0,
Printer,Printer_Grading_2-stage_2026-03-04_3-examples_CombinedHumanGradingVsClaude4.5SonnetAutoGrading_Claude4.5SonnetGeneration.xlsx,Claude4.5Sonnet,History State,0.5,0.5,
Printer,Printer_Grading_2-stage_2026-03-04_3-examples_CombinedHumanGradingVsClaude4.5SonnetAutoGrading_Claude4.5SonnetGeneration.xlsx,Claude4.5Sonnet,Region,,#DIV/0!,undefined (division by zero)
Printer,Printer_Grading_2-stage_2026-03-12_6-examples_CombinedHumanGradingVsClaude4.5SonnetAutoGrading_Claude4.5SonnetGeneration.xlsx,Claude4.5Sonnet,Global,0.4974619289,0.4974619289,
Printer,Printer_Grading_2-stage_2026-03-12_6-examples_CombinedHumanGradingVsClaude4.5SonnetAutoGrading_Claude4.5SonnetGeneration.xlsx,Claude4.5Sonnet,State,,#DIV/0!,undefined (division by zero)
Printer,Printer_Grading_2-stage_2026-03-12_6-examples_CombinedHumanGradingVsClaude4.5SonnetAutoGrading_Claude4.5SonnetGeneration.xlsx,Claude4.5Sonnet,Transition,0.3918918919,0.3918918919,
Printer,Printer_Grading_2-stage_2026-03-12_6-examples_CombinedHumanGradingVsClaude4.5SonnetAutoGrading_Claude4.5SonnetGeneration.xlsx,Claude4.5Sonnet,Composite State,0.6666666667,0.6666666667,
Printer,Printer_Grading_2-stage_2026-03-12_6-examples_CombinedHumanGradingVsClaude4.5SonnetAutoGrading_Claude4.5SonnetGeneration.xlsx,Claude4.5Sonnet,Guard,0.3636363636,0.3636363636,
Printer,Printer_Grading_2-stage_2026-03-12_6-examples_CombinedHumanGradingVsClaude4.5SonnetAutoGrading_Claude4.5SonnetGeneration.xlsx,Claude4.5Sonnet,Action,0.0,0,
Printer,Printer_Grading_2-stage_2026-03-12_6-examples_CombinedHumanGradingVsClaude4.5SonnetAutoGrading_Claude4.5SonnetGeneration.xlsx,Claude4.5Sonnet,History State,0.0,0,
Printer,Printer_Grading_2-stage_2026-03-12_6-examples_CombinedHumanGradingVsClaude4.5SonnetAutoGrading_Claude4.5SonnetGeneration.xlsx,Claude4.5Sonnet,Region,,#DIV/0!,undefined (division by zero)
Printer,Printer_Grading_2-stage_2026-03-12_6-examples_CombinedHumanGradingVsGPT-5.5AutoGrading_Claude4.5SonnetGeneration.xlsx,GPT-5.5,Global,0.8477508651,0.8477508651,
Printer,Printer_Grading_2-stage_2026-03-12_6-examples_CombinedHumanGradingVsGPT-5.5AutoGrading_Claude4.5SonnetGeneration.xlsx,GPT-5.5,State,,#DIV/0!,undefined (division by zero)
Printer,Printer_Grading_2-stage_2026-03-12_6-examples_CombinedHumanGradingVsGPT-5.5AutoGrading_Claude4.5SonnetGeneration.xlsx,GPT-5.5,Transition,0.64,0.64,
Printer,Printer_Grading_2-stage_2026-03-12_6-examples_CombinedHumanGradingVsGPT-5.5AutoGrading_Claude4.5SonnetGeneration.xlsx,GPT-5.5,Composite State,1.0,1,
Printer,Printer_Grading_2-stage_2026-03-12_6-examples_CombinedHumanGradingVsGPT-5.5AutoGrading_Claude4.5SonnetGeneration.xlsx,GPT-5.5,Guard,1.0,1,
Printer,Printer_Grading_2-stage_2026-03-12_6-examples_CombinedHumanGradingVsGPT-5.5AutoGrading_Claude4.5SonnetGeneration.xlsx,GPT-5.5,Action,0.5,0.5,
Printer,Printer_Grading_2-stage_2026-03-12_6-examples_CombinedHumanGradingVsGPT-5.5AutoGrading_Claude4.5SonnetGeneration.xlsx,GPT-5.5,History State,1.0,1,
Printer,Printer_Grading_2-stage_2026-03-12_6-examples_CombinedHumanGradingVsGPT-5.5AutoGrading_Claude4.5SonnetGeneration.xlsx,GPT-5.5,Region,,#DIV/0!,undefined (division by zero)
Printer,Printer_Grading_2-stage_2026-03-12_6-examples_CombinedHumanGradingVsGemini3.1ProPreviewAutoGrading_Claude4.5SonnetGeneration.xlsx,Gemini3.1ProPreview,Global,0.6217765043,0.6217765043,
Printer,Printer_Grading_2-stage_2026-03-12_6-examples_CombinedHumanGradingVsGemini3.1ProPreviewAutoGrading_Claude4.5SonnetGeneration.xlsx,Gemini3.1ProPreview,State,,#DIV/0!,undefined (division by zero)
Printer,Printer_Grading_2-stage_2026-03-12_6-examples_CombinedHumanGradingVsGemini3.1ProPreviewAutoGrading_Claude4.5SonnetGeneration.xlsx,Gemini3.1ProPreview,Transition,0.4545454545,0.4545454545,
Printer,Printer_Grading_2-stage_2026-03-12_6-examples_CombinedHumanGradingVsGemini3.1ProPreviewAutoGrading_Claude4.5SonnetGeneration.xlsx,Gemini3.1ProPreview,Composite State,1.0,1,
Printer,Printer_Grading_2-stage_2026-03-12_6-examples_CombinedHumanGradingVsGemini3.1ProPreviewAutoGrading_Claude4.5SonnetGeneration.xlsx,Gemini3.1ProPreview,Guard,1.0,1,
Printer,Printer_Grading_2-stage_2026-03-12_6-examples_CombinedHumanGradingVsGemini3.1ProPreviewAutoGrading_Claude4.5SonnetGeneration.xlsx,Gemini3.1ProPreview,Action,0.0,0,
Printer,Printer_Grading_2-stage_2026-03-12_6-examples_CombinedHumanGradingVsGemini3.1ProPreviewAutoGrading_Claude4.5SonnetGeneration.xlsx,Gemini3.1ProPreview,History State,0.0,0,
Printer,Printer_Grading_2-stage_2026-03-12_6-examples_CombinedHumanGradingVsGemini3.1ProPreviewAutoGrading_Claude4.5SonnetGeneration.xlsx,Gemini3.1ProPreview,Region,,#DIV/0!,undefined (division by zero)
SSC7,SSC7_Grading_2-stage_2026-03-12_6-examples_CombinedHumanGradingVsClaude4.5SonnetAutoGrading_Claude4.5SonnetGeneration.xlsx,Claude4.5Sonnet,Global,0.7399361022364217,0.7399361022364217,
SSC7,SSC7_Grading_2-stage_2026-03-12_6-examples_CombinedHumanGradingVsClaude4.5SonnetAutoGrading_Claude4.5SonnetGeneration.xlsx,Claude4.5Sonnet,State,0.0,0,
SSC7,SSC7_Grading_2-stage_2026-03-12_6-examples_CombinedHumanGradingVsClaude4.5SonnetAutoGrading_Claude4.5SonnetGeneration.xlsx,Claude4.5Sonnet,Transition,-0.04347826086956519,-0.04347826086956519,
SSC7,SSC7_Grading_2-stage_2026-03-12_6-examples_CombinedHumanGradingVsClaude4.5SonnetAutoGrading_Claude4.5SonnetGeneration.xlsx,Claude4.5Sonnet,Composite State,1.0,1,
SSC7,SSC7_Grading_2-stage_2026-03-12_6-examples_CombinedHumanGradingVsClaude4.5SonnetAutoGrading_Claude4.5SonnetGeneration.xlsx,Claude4.5Sonnet,Guard,1.0,1,
SSC7,SSC7_Grading_2-stage_2026-03-12_6-examples_CombinedHumanGradingVsClaude4.5SonnetAutoGrading_Claude4.5SonnetGeneration.xlsx,Claude4.5Sonnet,Action,0.8910891089108911,0.8910891089108911,
SSC7,SSC7_Grading_2-stage_2026-03-12_6-examples_CombinedHumanGradingVsClaude4.5SonnetAutoGrading_Claude4.5SonnetGeneration.xlsx,Claude4.5Sonnet,History State,0.5,0.5,
SSC7,SSC7_Grading_2-stage_2026-03-12_6-examples_CombinedHumanGradingVsClaude4.5SonnetAutoGrading_Claude4.5SonnetGeneration.xlsx,Claude4.5Sonnet,Region,,#DIV/0!,undefined (division by zero)
SSC7,SSC7_Grading_2-stage_2026-03-12_6-examples_CombinedHumanGradingVsGPT-5.5AutoGrading_Claude4.5SonnetGeneration.xlsx,GPT-5.5,Global,0.7386918320859095,0.7386918320859095,
SSC7,SSC7_Grading_2-stage_2026-03-12_6-examples_CombinedHumanGradingVsGPT-5.5AutoGrading_Claude4.5SonnetGeneration.xlsx,GPT-5.5,State,1.0,1,
SSC7,SSC7_Grading_2-stage_2026-03-12_6-examples_CombinedHumanGradingVsGPT-5.5AutoGrading_Claude4.5SonnetGeneration.xlsx,GPT-5.5,Transition,0.7894736842105263,0.7894736842105263,
SSC7,SSC7_Grading_2-stage_2026-03-12_6-examples_CombinedHumanGradingVsGPT-5.5AutoGrading_Claude4.5SonnetGeneration.xlsx,GPT-5.5,Composite State,1.0,1,
SSC7,SSC7_Grading_2-stage_2026-03-12_6-examples_CombinedHumanGradingVsGPT-5.5AutoGrading_Claude4.5SonnetGeneration.xlsx,GPT-5.5,Guard,1.0,1,
SSC7,SSC7_Grading_2-stage_2026-03-12_6-examples_CombinedHumanGradingVsGPT-5.5AutoGrading_Claude4.5SonnetGeneration.xlsx,GPT-5.5,Action,0.43999999999999995,0.43999999999999995,
SSC7,SSC7_Grading_2-stage_2026-03-12_6-examples_CombinedHumanGradingVsGPT-5.5AutoGrading_Claude4.5SonnetGeneration.xlsx,GPT-5.5,History State,1.0,1,
SSC7,SSC7_Grading_2-stage_2026-03-12_6-examples_CombinedHumanGradingVsGPT-5.5AutoGrading_Claude4.5SonnetGeneration.xlsx,GPT-5.5,Region,,#DIV/0!,undefined (division by zero)
SSC7,SSC7_Grading_2-stage_2026-03-12_6-examples_CombinedHumanGradingVsGemini3.1ProPreviewAutoGrading_Claude4.5SonnetGeneration.xlsx,Gemini3.1ProPreview,Global,0.7192307692307692,0.7192307692307692,
SSC7,SSC7_Grading_2-stage_2026-03-12_6-examples_CombinedHumanGradingVsGemini3.1ProPreviewAutoGrading_Claude4.5SonnetGeneration.xlsx,Gemini3.1ProPreview,State,1.0,1,
SSC7,SSC7_Grading_2-stage_2026-03-12_6-examples_CombinedHumanGradingVsGemini3.1ProPreviewAutoGrading_Claude4.5SonnetGeneration.xlsx,Gemini3.1ProPreview,Transition,0.7894736842105263,0.7894736842105263,
SSC7,SSC7_Grading_2-stage_2026-03-12_6-examples_CombinedHumanGradingVsGemini3.1ProPreviewAutoGrading_Claude4.5SonnetGeneration.xlsx,Gemini3.1ProPreview,Composite State,1.0,1,
SSC7,SSC7_Grading_2-stage_2026-03-12_6-examples_CombinedHumanGradingVsGemini3.1ProPreviewAutoGrading_Claude4.5SonnetGeneration.xlsx,Gemini3.1ProPreview,Guard,0.625,0.625,
SSC7,SSC7_Grading_2-stage_2026-03-12_6-examples_CombinedHumanGradingVsGemini3.1ProPreviewAutoGrading_Claude4.5SonnetGeneration.xlsx,Gemini3.1ProPreview,Action,0.4683544303797468,0.4683544303797468,
SSC7,SSC7_Grading_2-stage_2026-03-12_6-examples_CombinedHumanGradingVsGemini3.1ProPreviewAutoGrading_Claude4.5SonnetGeneration.xlsx,Gemini3.1ProPreview,History State,1.0,1,
SSC7,SSC7_Grading_2-stage_2026-03-12_6-examples_CombinedHumanGradingVsGemini3.1ProPreviewAutoGrading_Claude4.5SonnetGeneration.xlsx,Gemini3.1ProPreview,Region,,#DIV/0!,undefined (division by zero)
Spa-Manager,Spa-Manager_Grading_1-stage_2026-02-28_3-examples_CombinedHumanGradingVsClaude4.5SonnetAutoGrading_Claude4.5SonnetGeneration.xlsx,Claude4.5Sonnet,Global,0.8190205819730305,0.8190205819730305,category inferred by block position (generic header sheet)
Spa-Manager,Spa-Manager_Grading_1-stage_2026-02-28_3-examples_CombinedHumanGradingVsClaude4.5SonnetAutoGrading_Claude4.5SonnetGeneration.xlsx,Claude4.5Sonnet,State,1.0,1,category inferred by block position (generic header sheet)
Spa-Manager,Spa-Manager_Grading_1-stage_2026-02-28_3-examples_CombinedHumanGradingVsClaude4.5SonnetAutoGrading_Claude4.5SonnetGeneration.xlsx,Claude4.5Sonnet,Transition,0.4285714285714286,0.4285714285714286,category inferred by block position (generic header sheet)
Spa-Manager,Spa-Manager_Grading_1-stage_2026-02-28_3-examples_CombinedHumanGradingVsClaude4.5SonnetAutoGrading_Claude4.5SonnetGeneration.xlsx,Claude4.5Sonnet,Composite State,1.0,1,category inferred by block position (generic header sheet)
Spa-Manager,Spa-Manager_Grading_1-stage_2026-02-28_3-examples_CombinedHumanGradingVsClaude4.5SonnetAutoGrading_Claude4.5SonnetGeneration.xlsx,Claude4.5Sonnet,Guard,0.736842105263158,0.736842105263158,category inferred by block position (generic header sheet)
Spa-Manager,Spa-Manager_Grading_1-stage_2026-02-28_3-examples_CombinedHumanGradingVsClaude4.5SonnetAutoGrading_Claude4.5SonnetGeneration.xlsx,Claude4.5Sonnet,Action,,#DIV/0!,undefined (division by zero)
Spa-Manager,Spa-Manager_Grading_1-stage_2026-02-28_3-examples_CombinedHumanGradingVsClaude4.5SonnetAutoGrading_Claude4.5SonnetGeneration.xlsx,Claude4.5Sonnet,History State,1.0,1,category inferred by block position (generic header sheet)
Spa-Manager,Spa-Manager_Grading_1-stage_2026-02-28_3-examples_CombinedHumanGradingVsClaude4.5SonnetAutoGrading_Claude4.5SonnetGeneration.xlsx,Claude4.5Sonnet,Region,1.0,1,category inferred by block position (generic header sheet)
Spa-Manager,Spa-Manager_Grading_2-stage_2026-03-04_3-examples_CombinedHumanGradingVsClaude4.5SonnetAutoGrading_Claude4.5SonnetGeneration.xlsx,Claude4.5Sonnet,Global,0.6688311688,0.6688311688,
Spa-Manager,Spa-Manager_Grading_2-stage_2026-03-04_3-examples_CombinedHumanGradingVsClaude4.5SonnetAutoGrading_Claude4.5SonnetGeneration.xlsx,Claude4.5Sonnet,State,-0.04081632653,-0.04081632653,
Spa-Manager,Spa-Manager_Grading_2-stage_2026-03-04_3-examples_CombinedHumanGradingVsClaude4.5SonnetAutoGrading_Claude4.5SonnetGeneration.xlsx,Claude4.5Sonnet,Transition,1.0,1,
Spa-Manager,Spa-Manager_Grading_2-stage_2026-03-04_3-examples_CombinedHumanGradingVsClaude4.5SonnetAutoGrading_Claude4.5SonnetGeneration.xlsx,Claude4.5Sonnet,Composite State,0.0,0,
Spa-Manager,Spa-Manager_Grading_2-stage_2026-03-04_3-examples_CombinedHumanGradingVsClaude4.5SonnetAutoGrading_Claude4.5SonnetGeneration.xlsx,Claude4.5Sonnet,Guard,0.7619047619,0.7619047619,
Spa-Manager,Spa-Manager_Grading_2-stage_2026-03-04_3-examples_CombinedHumanGradingVsClaude4.5SonnetAutoGrading_Claude4.5SonnetGeneration.xlsx,Claude4.5Sonnet,Action,0.0,0,
Spa-Manager,Spa-Manager_Grading_2-stage_2026-03-04_3-examples_CombinedHumanGradingVsClaude4.5SonnetAutoGrading_Claude4.5SonnetGeneration.xlsx,Claude4.5Sonnet,History State,1.0,1,
Spa-Manager,Spa-Manager_Grading_2-stage_2026-03-04_3-examples_CombinedHumanGradingVsClaude4.5SonnetAutoGrading_Claude4.5SonnetGeneration.xlsx,Claude4.5Sonnet,Region,,#DIV/0!,undefined (division by zero)
Spa-Manager,Spa-Manager_Grading_2-stage_2026-03-12_6-examples_CombinedHumanGradingVsClaude4.5SonnetAutoGrading_Claude4.5SonnetGeneration.xlsx,Claude4.5Sonnet,Global,0.7725245316681535,0.7725245316681535,
Spa-Manager,Spa-Manager_Grading_2-stage_2026-03-12_6-examples_CombinedHumanGradingVsClaude4.5SonnetAutoGrading_Claude4.5SonnetGeneration.xlsx,Claude4.5Sonnet,State,0.0,0,
Spa-Manager,Spa-Manager_Grading_2-stage_2026-03-12_6-examples_CombinedHumanGradingVsClaude4.5SonnetAutoGrading_Claude4.5SonnetGeneration.xlsx,Claude4.5Sonnet,Transition,0.7837837837837838,0.7837837837837838,
Spa-Manager,Spa-Manager_Grading_2-stage_2026-03-12_6-examples_CombinedHumanGradingVsClaude4.5SonnetAutoGrading_Claude4.5SonnetGeneration.xlsx,Claude4.5Sonnet,Composite State,,#DIV/0!,undefined (division by zero)
Spa-Manager,Spa-Manager_Grading_2-stage_2026-03-12_6-examples_CombinedHumanGradingVsClaude4.5SonnetAutoGrading_Claude4.5SonnetGeneration.xlsx,Claude4.5Sonnet,Guard,1.0,1,
Spa-Manager,Spa-Manager_Grading_2-stage_2026-03-12_6-examples_CombinedHumanGradingVsClaude4.5SonnetAutoGrading_Claude4.5SonnetGeneration.xlsx,Claude4.5Sonnet,Action,0.0,0,
Spa-Manager,Spa-Manager_Grading_2-stage_2026-03-12_6-examples_CombinedHumanGradingVsClaude4.5SonnetAutoGrading_Claude4.5SonnetGeneration.xlsx,Claude4.5Sonnet,History State,1.0,1,
Spa-Manager,Spa-Manager_Grading_2-stage_2026-03-12_6-examples_CombinedHumanGradingVsClaude4.5SonnetAutoGrading_Claude4.5SonnetGeneration.xlsx,Claude4.5Sonnet,Region,1.0,1,
Spa-Manager,Spa-Manager_Grading_2-stage_2026-03-12_6-examples_CombinedHumanGradingVsGPT-5.5AutoGrading_Claude4.5SonnetGeneration.xlsx,GPT-5.5,Global,1.0,1,
Spa-Manager,Spa-Manager_Grading_2-stage_2026-03-12_6-examples_CombinedHumanGradingVsGPT-5.5AutoGrading_Claude4.5SonnetGeneration.xlsx,GPT-5.5,State,1.0,1,
Spa-Manager,Spa-Manager_Grading_2-stage_2026-03-12_6-examples_CombinedHumanGradingVsGPT-5.5AutoGrading_Claude4.5SonnetGeneration.xlsx,GPT-5.5,Transition,1.0,1,
Spa-Manager,Spa-Manager_Grading_2-stage_2026-03-12_6-examples_CombinedHumanGradingVsGPT-5.5AutoGrading_Claude4.5SonnetGeneration.xlsx,GPT-5.5,Composite State,1.0,1,
Spa-Manager,Spa-Manager_Grading_2-stage_2026-03-12_6-examples_CombinedHumanGradingVsGPT-5.5AutoGrading_Claude4.5SonnetGeneration.xlsx,GPT-5.5,Guard,1.0,1,
Spa-Manager,Spa-Manager_Grading_2-stage_2026-03-12_6-examples_CombinedHumanGradingVsGPT-5.5AutoGrading_Claude4.5SonnetGeneration.xlsx,GPT-5.5,Action,,#DIV/0!,undefined (division by zero)
Spa-Manager,Spa-Manager_Grading_2-stage_2026-03-12_6-examples_CombinedHumanGradingVsGPT-5.5AutoGrading_Claude4.5SonnetGeneration.xlsx,GPT-5.5,History State,1.0,1,
Spa-Manager,Spa-Manager_Grading_2-stage_2026-03-12_6-examples_CombinedHumanGradingVsGPT-5.5AutoGrading_Claude4.5SonnetGeneration.xlsx,GPT-5.5,Region,1.0,1,
Spa-Manager,Spa-Manager_Grading_2-stage_2026-03-12_6-examples_CombinedHumanGradingVsGemini3.1ProPreviewAutoGrading_Claude4.5SonnetGeneration.xlsx,Gemini3.1ProPreview,Global,1.0,1,
Spa-Manager,Spa-Manager_Grading_2-stage_2026-03-12_6-examples_CombinedHumanGradingVsGemini3.1ProPreviewAutoGrading_Claude4.5SonnetGeneration.xlsx,Gemini3.1ProPreview,State,1.0,1,
Spa-Manager,Spa-Manager_Grading_2-stage_2026-03-12_6-examples_CombinedHumanGradingVsGemini3.1ProPreviewAutoGrading_Claude4.5SonnetGeneration.xlsx,Gemini3.1ProPreview,Transition,1.0,1,
Spa-Manager,Spa-Manager_Grading_2-stage_2026-03-12_6-examples_CombinedHumanGradingVsGemini3.1ProPreviewAutoGrading_Claude4.5SonnetGeneration.xlsx,Gemini3.1ProPreview,Composite State,1.0,1,
Spa-Manager,Spa-Manager_Grading_2-stage_2026-03-12_6-examples_CombinedHumanGradingVsGemini3.1ProPreviewAutoGrading_Claude4.5SonnetGeneration.xlsx,Gemini3.1ProPreview,Guard,1.0,1,
Spa-Manager,Spa-Manager_Grading_2-stage_2026-03-12_6-examples_CombinedHumanGradingVsGemini3.1ProPreviewAutoGrading_Claude4.5SonnetGeneration.xlsx,Gemini3.1ProPreview,Action,,#DIV/0!,undefined (division by zero)
Spa-Manager,Spa-Manager_Grading_2-stage_2026-03-12_6-examples_CombinedHumanGradingVsGemini3.1ProPreviewAutoGrading_Claude4.5SonnetGeneration.xlsx,Gemini3.1ProPreview,History State,1.0,1,
Spa-Manager,Spa-Manager_Grading_2-stage_2026-03-12_6-examples_CombinedHumanGradingVsGemini3.1ProPreviewAutoGrading_Claude4.5SonnetGeneration.xlsx,Gemini3.1ProPreview,Region,1.0,1,
Thermomix-TM6,Thermomix-TM6_Grading_1-stage_2026-02-28_3-examples_CombinedHumanGradingVsClaude4.5SonnetAutoGrading_Claude4.5SonnetGeneration.xlsx,Claude4.5Sonnet,Global,0.6597277822257807,0.6597277822257807,category inferred by block position (generic header sheet)
Thermomix-TM6,Thermomix-TM6_Grading_1-stage_2026-02-28_3-examples_CombinedHumanGradingVsClaude4.5SonnetAutoGrading_Claude4.5SonnetGeneration.xlsx,Claude4.5Sonnet,State,0.4899999999999999,0.4899999999999999,category inferred by block position (generic header sheet)
Thermomix-TM6,Thermomix-TM6_Grading_1-stage_2026-02-28_3-examples_CombinedHumanGradingVsClaude4.5SonnetAutoGrading_Claude4.5SonnetGeneration.xlsx,Claude4.5Sonnet,Transition,0.4444444444444444,0.4444444444444444,category inferred by block position (generic header sheet)
Thermomix-TM6,Thermomix-TM6_Grading_1-stage_2026-02-28_3-examples_CombinedHumanGradingVsClaude4.5SonnetAutoGrading_Claude4.5SonnetGeneration.xlsx,Claude4.5Sonnet,Composite State,0.0,0,category inferred by block position (generic header sheet)
Thermomix-TM6,Thermomix-TM6_Grading_1-stage_2026-02-28_3-examples_CombinedHumanGradingVsClaude4.5SonnetAutoGrading_Claude4.5SonnetGeneration.xlsx,Claude4.5Sonnet,Guard,0.7333333333333334,0.7333333333333334,category inferred by block position (generic header sheet)
Thermomix-TM6,Thermomix-TM6_Grading_1-stage_2026-02-28_3-examples_CombinedHumanGradingVsClaude4.5SonnetAutoGrading_Claude4.5SonnetGeneration.xlsx,Claude4.5Sonnet,Action,0.6956521739130435,0.6956521739130435,category inferred by block position (generic header sheet)
Thermomix-TM6,Thermomix-TM6_Grading_1-stage_2026-02-28_3-examples_CombinedHumanGradingVsClaude4.5SonnetAutoGrading_Claude4.5SonnetGeneration.xlsx,Claude4.5Sonnet,History State,,#DIV/0!,undefined (division by zero)
Thermomix-TM6,Thermomix-TM6_Grading_1-stage_2026-02-28_3-examples_CombinedHumanGradingVsClaude4.5SonnetAutoGrading_Claude4.5SonnetGeneration.xlsx,Claude4.5Sonnet,Region,,#DIV/0!,undefined (division by zero)
Thermomix-TM6,Thermomix-TM6_Grading_2-stage_2026-03-04_3-examples_CombinedHumanGradingVsClaude4.5SonnetAutoGrading_Claude4.5SonnetGeneration.xlsx,Claude4.5Sonnet,Global,0.4115082825,0.4115082825,
Thermomix-TM6,Thermomix-TM6_Grading_2-stage_2026-03-04_3-examples_CombinedHumanGradingVsClaude4.5SonnetAutoGrading_Claude4.5SonnetGeneration.xlsx,Claude4.5Sonnet,State,,#DIV/0!,undefined (division by zero)
Thermomix-TM6,Thermomix-TM6_Grading_2-stage_2026-03-04_3-examples_CombinedHumanGradingVsClaude4.5SonnetAutoGrading_Claude4.5SonnetGeneration.xlsx,Claude4.5Sonnet,Transition,0.2956521739,0.2956521739,
Thermomix-TM6,Thermomix-TM6_Grading_2-stage_2026-03-04_3-examples_CombinedHumanGradingVsClaude4.5SonnetAutoGrading_Claude4.5SonnetGeneration.xlsx,Claude4.5Sonnet,Composite State,0.0,0,
Thermomix-TM6,Thermomix-TM6_Grading_2-stage_2026-03-04_3-examples_CombinedHumanGradingVsClaude4.5SonnetAutoGrading_Claude4.5SonnetGeneration.xlsx,Claude4.5Sonnet,Guard,0.0,0,
Thermomix-TM6,Thermomix-TM6_Grading_2-stage_2026-03-04_3-examples_CombinedHumanGradingVsClaude4.5SonnetAutoGrading_Claude4.5SonnetGeneration.xlsx,Claude4.5Sonnet,Action,0.0,0,
Thermomix-TM6,Thermomix-TM6_Grading_2-stage_2026-03-04_3-examples_CombinedHumanGradingVsClaude4.5SonnetAutoGrading_Claude4.5SonnetGeneration.xlsx,Claude4.5Sonnet,History State,,#DIV/0!,undefined (division by zero)
Thermomix-TM6,Thermomix-TM6_Grading_2-stage_2026-03-04_3-examples_CombinedHumanGradingVsClaude4.5SonnetAutoGrading_Claude4.5SonnetGeneration.xlsx,Claude4.5Sonnet,Region,,#DIV/0!,undefined (division by zero)
Thermomix-TM6,Thermomix-TM6_Grading_2-stage_2026-03-12_6-examples_CombinedHumanGradingVsClaude4.5SonnetAutoGrading_Claude4.5SonnetGeneration.xlsx,Claude4.5Sonnet,Global,0.7564935064935066,0.7564935064935066,
Thermomix-TM6,Thermomix-TM6_Grading_2-stage_2026-03-12_6-examples_CombinedHumanGradingVsClaude4.5SonnetAutoGrading_Claude4.5SonnetGeneration.xlsx,Claude4.5Sonnet,State,0.5,0.5,
Thermomix-TM6,Thermomix-TM6_Grading_2-stage_2026-03-12_6-examples_CombinedHumanGradingVsClaude4.5SonnetAutoGrading_Claude4.5SonnetGeneration.xlsx,Claude4.5Sonnet,Transition,0.7476635514018691,0.7476635514018691,
Thermomix-TM6,Thermomix-TM6_Grading_2-stage_2026-03-12_6-examples_CombinedHumanGradingVsClaude4.5SonnetAutoGrading_Claude4.5SonnetGeneration.xlsx,Claude4.5Sonnet,Composite State,0.0,0,
Thermomix-TM6,Thermomix-TM6_Grading_2-stage_2026-03-12_6-examples_CombinedHumanGradingVsClaude4.5SonnetAutoGrading_Claude4.5SonnetGeneration.xlsx,Claude4.5Sonnet,Guard,0.6666666666666667,0.6666666666666667,
Thermomix-TM6,Thermomix-TM6_Grading_2-stage_2026-03-12_6-examples_CombinedHumanGradingVsClaude4.5SonnetAutoGrading_Claude4.5SonnetGeneration.xlsx,Claude4.5Sonnet,Action,0.0,0,
Thermomix-TM6,Thermomix-TM6_Grading_2-stage_2026-03-12_6-examples_CombinedHumanGradingVsClaude4.5SonnetAutoGrading_Claude4.5SonnetGeneration.xlsx,Claude4.5Sonnet,History State,,#DIV/0!,undefined (division by zero)
Thermomix-TM6,Thermomix-TM6_Grading_2-stage_2026-03-12_6-examples_CombinedHumanGradingVsClaude4.5SonnetAutoGrading_Claude4.5SonnetGeneration.xlsx,Claude4.5Sonnet,Region,,#DIV/0!,undefined (division by zero)
Thermomix-TM6,Thermomix-TM6_Grading_2-stage_2026-03-12_6-examples_CombinedHumanGradingVsGPT-5.5AutoGrading_Claude4.5SonnetGeneration.xlsx,GPT-5.5,Global,0.7342600164,0.7342600164,
Thermomix-TM6,Thermomix-TM6_Grading_2-stage_2026-03-12_6-examples_CombinedHumanGradingVsGPT-5.5AutoGrading_Claude4.5SonnetGeneration.xlsx,GPT-5.5,State,0.2857142857,0.2857142857,
Thermomix-TM6,Thermomix-TM6_Grading_2-stage_2026-03-12_6-examples_CombinedHumanGradingVsGPT-5.5AutoGrading_Claude4.5SonnetGeneration.xlsx,GPT-5.5,Transition,0.7874015748,0.7874015748,
Thermomix-TM6,Thermomix-TM6_Grading_2-stage_2026-03-12_6-examples_CombinedHumanGradingVsGPT-5.5AutoGrading_Claude4.5SonnetGeneration.xlsx,GPT-5.5,Composite State,0.0,0,
Thermomix-TM6,Thermomix-TM6_Grading_2-stage_2026-03-12_6-examples_CombinedHumanGradingVsGPT-5.5AutoGrading_Claude4.5SonnetGeneration.xlsx,GPT-5.5,Guard,0.8666666667,0.8666666667,
Thermomix-TM6,Thermomix-TM6_Grading_2-stage_2026-03-12_6-examples_CombinedHumanGradingVsGPT-5.5AutoGrading_Claude4.5SonnetGeneration.xlsx,GPT-5.5,Action,0.1764705882,0.1764705882,
Thermomix-TM6,Thermomix-TM6_Grading_2-stage_2026-03-12_6-examples_CombinedHumanGradingVsGPT-5.5AutoGrading_Claude4.5SonnetGeneration.xlsx,GPT-5.5,History State,,#DIV/0!,undefined (division by zero)
Thermomix-TM6,Thermomix-TM6_Grading_2-stage_2026-03-12_6-examples_CombinedHumanGradingVsGPT-5.5AutoGrading_Claude4.5SonnetGeneration.xlsx,GPT-5.5,Region,,#DIV/0!,undefined (division by zero)
Thermomix-TM6,Thermomix-TM6_Grading_2-stage_2026-03-12_6-examples_CombinedHumanGradingVsGemini3.1ProPreviewAutoGrading_Claude4.5SonnetGeneration.xlsx,Gemini3.1ProPreview,Global,0.7967479675,0.7967479675,
Thermomix-TM6,Thermomix-TM6_Grading_2-stage_2026-03-12_6-examples_CombinedHumanGradingVsGemini3.1ProPreviewAutoGrading_Claude4.5SonnetGeneration.xlsx,Gemini3.1ProPreview,State,0.6666666667,0.6666666667,
Thermomix-TM6,Thermomix-TM6_Grading_2-stage_2026-03-12_6-examples_CombinedHumanGradingVsGemini3.1ProPreviewAutoGrading_Claude4.5SonnetGeneration.xlsx,Gemini3.1ProPreview,Transition,0.9230769231,0.9230769231,
Thermomix-TM6,Thermomix-TM6_Grading_2-stage_2026-03-12_6-examples_CombinedHumanGradingVsGemini3.1ProPreviewAutoGrading_Claude4.5SonnetGeneration.xlsx,Gemini3.1ProPreview,Composite State,0.0,0,
Thermomix-TM6,Thermomix-TM6_Grading_2-stage_2026-03-12_6-examples_CombinedHumanGradingVsGemini3.1ProPreviewAutoGrading_Claude4.5SonnetGeneration.xlsx,Gemini3.1ProPreview,Guard,1.0,1,
Thermomix-TM6,Thermomix-TM6_Grading_2-stage_2026-03-12_6-examples_CombinedHumanGradingVsGemini3.1ProPreviewAutoGrading_Claude4.5SonnetGeneration.xlsx,Gemini3.1ProPreview,Action,-0.2352941176,-0.2352941176,
Thermomix-TM6,Thermomix-TM6_Grading_2-stage_2026-03-12_6-examples_CombinedHumanGradingVsGemini3.1ProPreviewAutoGrading_Claude4.5SonnetGeneration.xlsx,Gemini3.1ProPreview,History State,,#DIV/0!,undefined (division by zero)
Thermomix-TM6,Thermomix-TM6_Grading_2-stage_2026-03-12_6-examples_CombinedHumanGradingVsGemini3.1ProPreviewAutoGrading_Claude4.5SonnetGeneration.xlsx,Gemini3.1ProPreview,Region,,#DIV/0!,undefined (division by zero)
Train-Automation-System,Train-Automation-System_Grading_1-stage_2026-02-28_3-examples_CombinedHumanGradingVsClaude4.5SonnetAutoGrading_Claude4.5SonnetGeneration.xlsx,Claude4.5Sonnet,Global,0.24822455191072046,0.24822455191072046,
Train-Automation-System,Train-Automation-System_Grading_1-stage_2026-02-28_3-examples_CombinedHumanGradingVsClaude4.5SonnetAutoGrading_Claude4.5SonnetGeneration.xlsx,Claude4.5Sonnet,State,0.10526315789473695,0.10526315789473695,
Train-Automation-System,Train-Automation-System_Grading_1-stage_2026-02-28_3-examples_CombinedHumanGradingVsClaude4.5SonnetAutoGrading_Claude4.5SonnetGeneration.xlsx,Claude4.5Sonnet,Transition,-0.11702127659574457,-0.11702127659574457,
Train-Automation-System,Train-Automation-System_Grading_1-stage_2026-02-28_3-examples_CombinedHumanGradingVsClaude4.5SonnetAutoGrading_Claude4.5SonnetGeneration.xlsx,Claude4.5Sonnet,Composite State,0.4,0.4,
Train-Automation-System,Train-Automation-System_Grading_1-stage_2026-02-28_3-examples_CombinedHumanGradingVsClaude4.5SonnetAutoGrading_Claude4.5SonnetGeneration.xlsx,Claude4.5Sonnet,Guard,0.1333333333333333,0.1333333333333333,
Train-Automation-System,Train-Automation-System_Grading_1-stage_2026-02-28_3-examples_CombinedHumanGradingVsClaude4.5SonnetAutoGrading_Claude4.5SonnetGeneration.xlsx,Claude4.5Sonnet,Action,0.44171779141104295,0.44171779141104295,
Train-Automation-System,Train-Automation-System_Grading_1-stage_2026-02-28_3-examples_CombinedHumanGradingVsClaude4.5SonnetAutoGrading_Claude4.5SonnetGeneration.xlsx,Claude4.5Sonnet,History State,,#DIV/0!,undefined (division by zero)
Train-Automation-System,Train-Automation-System_Grading_1-stage_2026-02-28_3-examples_CombinedHumanGradingVsClaude4.5SonnetAutoGrading_Claude4.5SonnetGeneration.xlsx,Claude4.5Sonnet,Region,1.0,1,
Train-Automation-System,Train-Automation-System_Grading_2-stage_2026-03-04_3-examples_CombinedHumanGradingVsClaude4.5SonnetAutoGrading_Claude4.5SonnetGeneration.xlsx,Claude4.5Sonnet,Global,0.5119453924914676,0.5119453924914676,
Train-Automation-System,Train-Automation-System_Grading_2-stage_2026-03-04_3-examples_CombinedHumanGradingVsClaude4.5SonnetAutoGrading_Claude4.5SonnetGeneration.xlsx,Claude4.5Sonnet,State,0.12643678160919536,0.12643678160919536,
Train-Automation-System,Train-Automation-System_Grading_2-stage_2026-03-04_3-examples_CombinedHumanGradingVsClaude4.5SonnetAutoGrading_Claude4.5SonnetGeneration.xlsx,Claude4.5Sonnet,Transition,0.6711409395973155,0.6711409395973155,
Train-Automation-System,Train-Automation-System_Grading_2-stage_2026-03-04_3-examples_CombinedHumanGradingVsClaude4.5SonnetAutoGrading_Claude4.5SonnetGeneration.xlsx,Claude4.5Sonnet,Composite State,0.4,0.4,
Train-Automation-System,Train-Automation-System_Grading_2-stage_2026-03-04_3-examples_CombinedHumanGradingVsClaude4.5SonnetAutoGrading_Claude4.5SonnetGeneration.xlsx,Claude4.5Sonnet,Guard,0.5945945945945945,0.5945945945945945,
Train-Automation-System,Train-Automation-System_Grading_2-stage_2026-03-04_3-examples_CombinedHumanGradingVsClaude4.5SonnetAutoGrading_Claude4.5SonnetGeneration.xlsx,Claude4.5Sonnet,Action,0.5465116279069768,0.5465116279069768,
Train-Automation-System,Train-Automation-System_Grading_2-stage_2026-03-04_3-examples_CombinedHumanGradingVsClaude4.5SonnetAutoGrading_Claude4.5SonnetGeneration.xlsx,Claude4.5Sonnet,History State,1.0,1,
Train-Automation-System,Train-Automation-System_Grading_2-stage_2026-03-04_3-examples_CombinedHumanGradingVsClaude4.5SonnetAutoGrading_Claude4.5SonnetGeneration.xlsx,Claude4.5Sonnet,Region,0.5454545454545454,0.5454545454545454,
Train-Automation-System,Train-Automation-System_Grading_2-stage_2026-03-12_6-examples_CombinedHumanGradingVsClaude4.5SonnetAutoGrading_Claude4.5SonnetGeneration.xlsx,Claude4.5Sonnet,Global,0.41771696074900977,0.41771696074900977,
Train-Automation-System,Train-Automation-System_Grading_2-stage_2026-03-12_6-examples_CombinedHumanGradingVsClaude4.5SonnetAutoGrading_Claude4.5SonnetGeneration.xlsx,Claude4.5Sonnet,State,0.23404255319148948,0.23404255319148948,
Train-Automation-System,Train-Automation-System_Grading_2-stage_2026-03-12_6-examples_CombinedHumanGradingVsClaude4.5SonnetAutoGrading_Claude4.5SonnetGeneration.xlsx,Claude4.5Sonnet,Transition,0.2588235294117647,0.2588235294117647,
Train-Automation-System,Train-Automation-System_Grading_2-stage_2026-03-12_6-examples_CombinedHumanGradingVsClaude4.5SonnetAutoGrading_Claude4.5SonnetGeneration.xlsx,Claude4.5Sonnet,Composite State,1.0,1,
Train-Automation-System,Train-Automation-System_Grading_2-stage_2026-03-12_6-examples_CombinedHumanGradingVsClaude4.5SonnetAutoGrading_Claude4.5SonnetGeneration.xlsx,Claude4.5Sonnet,Guard,0.6231155778894473,0.6231155778894473,
Train-Automation-System,Train-Automation-System_Grading_2-stage_2026-03-12_6-examples_CombinedHumanGradingVsClaude4.5SonnetAutoGrading_Claude4.5SonnetGeneration.xlsx,Claude4.5Sonnet,Action,0.36363636363636376,0.36363636363636376,
Train-Automation-System,Train-Automation-System_Grading_2-stage_2026-03-12_6-examples_CombinedHumanGradingVsClaude4.5SonnetAutoGrading_Claude4.5SonnetGeneration.xlsx,Claude4.5Sonnet,History State,1.0,1,
Train-Automation-System,Train-Automation-System_Grading_2-stage_2026-03-12_6-examples_CombinedHumanGradingVsClaude4.5SonnetAutoGrading_Claude4.5SonnetGeneration.xlsx,Claude4.5Sonnet,Region,1.0,1,
Train-Automation-System,Train-Automation-System_Grading_2-stage_2026-03-12_6-examples_CombinedHumanGradingVsGPT-5.5AutoGrading_Claude4.5SonnetGeneration.xlsx,GPT-5.5,Global,0.3881334981,0.3881334981,
Train-Automation-System,Train-Automation-System_Grading_2-stage_2026-03-12_6-examples_CombinedHumanGradingVsGPT-5.5AutoGrading_Claude4.5SonnetGeneration.xlsx,GPT-5.5,State,0.3773584906,0.3773584906,
Train-Automation-System,Train-Automation-System_Grading_2-stage_2026-03-12_6-examples_CombinedHumanGradingVsGPT-5.5AutoGrading_Claude4.5SonnetGeneration.xlsx,GPT-5.5,Transition,0.01481481481,0.01481481481,
Train-Automation-System,Train-Automation-System_Grading_2-stage_2026-03-12_6-examples_CombinedHumanGradingVsGPT-5.5AutoGrading_Claude4.5SonnetGeneration.xlsx,GPT-5.5,Composite State,0.6666666667,0.6666666667,
Train-Automation-System,Train-Automation-System_Grading_2-stage_2026-03-12_6-examples_CombinedHumanGradingVsGPT-5.5AutoGrading_Claude4.5SonnetGeneration.xlsx,GPT-5.5,Guard,0.3852459016,0.3852459016,
Train-Automation-System,Train-Automation-System_Grading_2-stage_2026-03-12_6-examples_CombinedHumanGradingVsGPT-5.5AutoGrading_Claude4.5SonnetGeneration.xlsx,GPT-5.5,Action,0.7142857143,0.7142857143,
Train-Automation-System,Train-Automation-System_Grading_2-stage_2026-03-12_6-examples_CombinedHumanGradingVsGPT-5.5AutoGrading_Claude4.5SonnetGeneration.xlsx,GPT-5.5,History State,0.5,0.5,
Train-Automation-System,Train-Automation-System_Grading_2-stage_2026-03-12_6-examples_CombinedHumanGradingVsGPT-5.5AutoGrading_Claude4.5SonnetGeneration.xlsx,GPT-5.5,Region,1.0,1,
Train-Automation-System,Train-Automation-System_Grading_2-stage_2026-03-12_6-examples_CombinedHumanGradingVsGemini3.1ProPreviewAutoGrading_Claude4.5SonnetGeneration.xlsx,Gemini3.1ProPreview,Global,0.5265822785,0.5265822785,
Train-Automation-System,Train-Automation-System_Grading_2-stage_2026-03-12_6-examples_CombinedHumanGradingVsGemini3.1ProPreviewAutoGrading_Claude4.5SonnetGeneration.xlsx,Gemini3.1ProPreview,State,0.5298507463,0.5298507463,
Train-Automation-System,Train-Automation-System_Grading_2-stage_2026-03-12_6-examples_CombinedHumanGradingVsGemini3.1ProPreviewAutoGrading_Claude4.5SonnetGeneration.xlsx,Gemini3.1ProPreview,Transition,0.275862069,0.275862069,
Train-Automation-System,Train-Automation-System_Grading_2-stage_2026-03-12_6-examples_CombinedHumanGradingVsGemini3.1ProPreviewAutoGrading_Claude4.5SonnetGeneration.xlsx,Gemini3.1ProPreview,Composite State,1.0,1,
Train-Automation-System,Train-Automation-System_Grading_2-stage_2026-03-12_6-examples_CombinedHumanGradingVsGemini3.1ProPreviewAutoGrading_Claude4.5SonnetGeneration.xlsx,Gemini3.1ProPreview,Guard,0.4444444444,0.4444444444,
Train-Automation-System,Train-Automation-System_Grading_2-stage_2026-03-12_6-examples_CombinedHumanGradingVsGemini3.1ProPreviewAutoGrading_Claude4.5SonnetGeneration.xlsx,Gemini3.1ProPreview,Action,0.7417218543,0.7417218543,
Train-Automation-System,Train-Automation-System_Grading_2-stage_2026-03-12_6-examples_CombinedHumanGradingVsGemini3.1ProPreviewAutoGrading_Claude4.5SonnetGeneration.xlsx,Gemini3.1ProPreview,History State,1.0,1,
Train-Automation-System,Train-Automation-System_Grading_2-stage_2026-03-12_6-examples_CombinedHumanGradingVsGemini3.1ProPreviewAutoGrading_Claude4.5SonnetGeneration.xlsx,Gemini3.1ProPreview,Region,1.0,1,
Wumple,Wumple_Grading_2-stage_2026-03-12_6-examples_CombinedHumanGradingVsClaude4.5SonnetAutoGrading_Claude4.5SonnetGeneration.xlsx,Claude4.5Sonnet,Global,0.5426941788290556,0.5426941788290556,
Wumple,Wumple_Grading_2-stage_2026-03-12_6-examples_CombinedHumanGradingVsClaude4.5SonnetAutoGrading_Claude4.5SonnetGeneration.xlsx,Claude4.5Sonnet,State,0.5535714285714286,0.5535714285714286,
Wumple,Wumple_Grading_2-stage_2026-03-12_6-examples_CombinedHumanGradingVsClaude4.5SonnetAutoGrading_Claude4.5SonnetGeneration.xlsx,Claude4.5Sonnet,Transition,0.6701388888888888,0.6701388888888888,
Wumple,Wumple_Grading_2-stage_2026-03-12_6-examples_CombinedHumanGradingVsClaude4.5SonnetAutoGrading_Claude4.5SonnetGeneration.xlsx,Claude4.5Sonnet,Composite State,0.5714285714285714,0.5714285714285714,
Wumple,Wumple_Grading_2-stage_2026-03-12_6-examples_CombinedHumanGradingVsClaude4.5SonnetAutoGrading_Claude4.5SonnetGeneration.xlsx,Claude4.5Sonnet,Guard,0.0,0,
Wumple,Wumple_Grading_2-stage_2026-03-12_6-examples_CombinedHumanGradingVsClaude4.5SonnetAutoGrading_Claude4.5SonnetGeneration.xlsx,Claude4.5Sonnet,Action,0.26,0.26,
Wumple,Wumple_Grading_2-stage_2026-03-12_6-examples_CombinedHumanGradingVsClaude4.5SonnetAutoGrading_Claude4.5SonnetGeneration.xlsx,Claude4.5Sonnet,History State,0.0,0,
Wumple,Wumple_Grading_2-stage_2026-03-12_6-examples_CombinedHumanGradingVsClaude4.5SonnetAutoGrading_Claude4.5SonnetGeneration.xlsx,Claude4.5Sonnet,Region,1.0,1,
Wumple,Wumple_Grading_2-stage_2026-03-12_6-examples_CombinedHumanGradingVsGPT-5.5AutoGrading_Claude4.5SonnetGeneration.xlsx,GPT-5.5,Global,0.6039153198,0.6039153198,
Wumple,Wumple_Grading_2-stage_2026-03-12_6-examples_CombinedHumanGradingVsGPT-5.5AutoGrading_Claude4.5SonnetGeneration.xlsx,GPT-5.5,State,0.8979591837,0.8979591837,
Wumple,Wumple_Grading_2-stage_2026-03-12_6-examples_CombinedHumanGradingVsGPT-5.5AutoGrading_Claude4.5SonnetGeneration.xlsx,GPT-5.5,Transition,0.8155339806,0.8155339806,
Wumple,Wumple_Grading_2-stage_2026-03-12_6-examples_CombinedHumanGradingVsGPT-5.5AutoGrading_Claude4.5SonnetGeneration.xlsx,GPT-5.5,Composite State,1.0,1,
Wumple,Wumple_Grading_2-stage_2026-03-12_6-examples_CombinedHumanGradingVsGPT-5.5AutoGrading_Claude4.5SonnetGeneration.xlsx,GPT-5.5,Guard,0.0,0,
Wumple,Wumple_Grading_2-stage_2026-03-12_6-examples_CombinedHumanGradingVsGPT-5.5AutoGrading_Claude4.5SonnetGeneration.xlsx,GPT-5.5,Action,0.4356846473,0.4356846473,
Wumple,Wumple_Grading_2-stage_2026-03-12_6-examples_CombinedHumanGradingVsGPT-5.5AutoGrading_Claude4.5SonnetGeneration.xlsx,GPT-5.5,History State,0.0,0,
Wumple,Wumple_Grading_2-stage_2026-03-12_6-examples_CombinedHumanGradingVsGPT-5.5AutoGrading_Claude4.5SonnetGeneration.xlsx,GPT-5.5,Region,1.0,1,
Wumple,Wumple_Grading_2-stage_2026-03-12_6-examples_CombinedHumanGradingVsGemini3.1ProPreviewAutoGrading_Claude4.5SonnetGeneration.xlsx,Gemini3.1ProPreview,Global,0.6762693554,0.6762693554,
Wumple,Wumple_Grading_2-stage_2026-03-12_6-examples_CombinedHumanGradingVsGemini3.1ProPreviewAutoGrading_Claude4.5SonnetGeneration.xlsx,Gemini3.1ProPreview,State,0.8106060606,0.8106060606,
Wumple,Wumple_Grading_2-stage_2026-03-12_6-examples_CombinedHumanGradingVsGemini3.1ProPreviewAutoGrading_Claude4.5SonnetGeneration.xlsx,Gemini3.1ProPreview,Transition,0.8597785978,0.8597785978,
Wumple,Wumple_Grading_2-stage_2026-03-12_6-examples_CombinedHumanGradingVsGemini3.1ProPreviewAutoGrading_Claude4.5SonnetGeneration.xlsx,Gemini3.1ProPreview,Composite State,0.5714285714,0.5714285714,
Wumple,Wumple_Grading_2-stage_2026-03-12_6-examples_CombinedHumanGradingVsGemini3.1ProPreviewAutoGrading_Claude4.5SonnetGeneration.xlsx,Gemini3.1ProPreview,Guard,0.0,0,
Wumple,Wumple_Grading_2-stage_2026-03-12_6-examples_CombinedHumanGradingVsGemini3.1ProPreviewAutoGrading_Claude4.5SonnetGeneration.xlsx,Gemini3.1ProPreview,Action,0.5027548209,0.5027548209,
Wumple,Wumple_Grading_2-stage_2026-03-12_6-examples_CombinedHumanGradingVsGemini3.1ProPreviewAutoGrading_Claude4.5SonnetGeneration.xlsx,Gemini3.1ProPreview,History State,0.0,0,
Wumple,Wumple_Grading_2-stage_2026-03-12_6-examples_CombinedHumanGradingVsGemini3.1ProPreviewAutoGrading_Claude4.5SonnetGeneration.xlsx,Gemini3.1ProPreview,Region,1.0,1,
